INSERT INTO bookings (booking_id, guest_id, property_id, check_in, check_out, amount, created_at) VALUES
(1, 101, 501, '2026-07-01', '2026-07-05', 450.00, '2026-06-28 10:00:00'),
(2, 102, 502, '2026-07-02', '2026-07-06', 550.00, '2026-06-29 11:00:00'),
(3, 103, 501, '2026-07-03', '2026-07-07', 400.00, '2026-06-30 09:00:00'),
(4, 104, 503, '2026-07-04', '2026-07-08', 600.00, '2026-07-01 14:00:00'),
(5, 105, 502, '2026-07-05', '2026-07-09', 500.00, '2026-07-02 10:30:00'),
(6, 106, 501, '2026-07-06', '2026-07-10', 450.00, '2026-07-03 15:00:00'),
(7, 107, 504, '2026-07-07', '2026-07-11', 700.00, '2026-07-04 08:00:00'),
(8, 108, 502, '2026-07-08', '2026-07-12', 520.00, '2026-07-05 12:00:00'),
(9, 109, 505, '2026-07-09', '2026-07-13', 650.00, '2026-07-06 16:00:00'),
(10, 110, 503, '2026-07-10', '2026-07-14', 480.00, '2026-07-07 11:00:00'),
(11, 111, 501, '2026-07-11', '2026-07-15', 420.00, '2026-07-08 13:30:00'),
(12, 112, 502, '2026-07-12', '2026-07-16', 540.00, '2026-07-09 10:00:00'),
(13, 113, 504, '2026-07-13', '2026-07-17', 680.00, '2026-07-10 14:00:00'),
(14, 114, 505, '2026-07-14', '2026-07-18', 620.00, '2026-07-11 09:00:00'),
(15, 115, 503, '2026-07-15', '2026-07-19', 490.00, '2026-07-12 15:30:00');

INSERT INTO payments (payment_id, booking_id, amount, status, created_at) VALUES
(1, 1, 450.00, 'completed', '2026-06-28 10:15:00'),
(2, 2, 550.00, 'completed', '2026-06-29 11:30:00'),
(3, 3, 400.00, 'completed', '2026-06-30 09:45:00'),
(4, 4, 600.00, 'failed', '2026-07-01 14:20:00'),
(5, 5, 500.00, 'completed', '2026-07-02 10:45:00'),
(6, 6, 450.00, 'completed', '2026-07-03 15:15:00'),
(7, 8, 520.00, 'completed', '2026-07-05 12:30:00'),
(8, 9, 650.00, 'completed', '2026-07-06 16:45:00'),
(9, 10, 480.00, 'completed', '2026-07-07 11:30:00'),
(10, 11, 420.00, 'failed', '2026-07-08 13:45:00'),
(11, 12, 500.00, 'completed', '2026-07-09 10:15:00'),
(12, 13, 680.00, 'completed', '2026-07-10 14:30:00'),
(13, 14, 620.00, 'completed', '2026-07-11 09:45:00');

INSERT INTO sync_log (sync_id, booking_id, sync_status, error_message, synced_at) VALUES
(1, 1, 'success', NULL, '2026-06-28 10:20:00'),
(2, 2, 'success', NULL, '2026-06-29 11:35:00'),
(3, 3, 'success', NULL, '2026-06-30 09:50:00'),
(4, 4, 'failed', 'Payment declined', '2026-07-01 14:25:00'),
(5, 5, 'success', NULL, '2026-07-02 10:50:00'),
(6, 6, 'success', NULL, '2026-07-03 15:20:00'),
(7, 7, 'failed', 'Timeout during sync', '2026-07-04 08:15:00'),
(8, 8, 'success', NULL, '2026-07-05 12:35:00'),
(9, 9, 'success', NULL, '2026-07-06 16:50:00'),
(10, 10, 'success', NULL, '2026-07-07 11:35:00'),
(11, 11, 'failed', 'Invalid payment amount', '2026-07-08 13:50:00'),
(12, 12, 'success', NULL, '2026-07-09 10:20:00'),
(13, 13, 'success', NULL, '2026-07-10 14:35:00'),
(14, 14, 'success', NULL, '2026-07-11 09:50:00'),
(15, 15, 'failed', 'Booking not found in PMS', '2026-07-12 15:45:00');
